SMILES,Max_Tanimoto_Similarity
ClCC(Cl)(Cl)Cl,0.375
CC(Cl)(Cl)Cl,0.45454545454545453
ClC(Cl)C(Cl)Cl,0.5
ClCC(Cl)Cl,0.5
FC(F)(Cl)C(F)(Cl)Cl,0.6666666666666666
CC(Cl)Cl,0.8333333333333334
ClC(=C)Cl,0.375
CCOC(C)OCC,0.4
Clc1ccc(Cl)c(Cl)c1Cl,0.7142857142857143
C1CCc2ccccc2C1,0.8571428571428571
Clc1cc(Cl)c(Cl)c(Cl)c1,0.6428571428571429
Clc1cccc(Cl)c1Cl,0.6875
Cc1cccc(C)c1C,0.5714285714285714
Brc1cc(Br)c(Br)cc1Br,0.5
Clc1cc(Cl)c(Cl)cc1Cl,0.6666666666666666
Cc1cc(C)c(C)cc1C,0.5833333333333334
c1(Br)c(Br)cc(Br)cc1,0.5
Clc1ccc(Cl)c(Cl)c1,0.5909090909090909
Cc1ccc(C)c(C)c1,0.55
Oc1ccccc1O,0.5384615384615384
Brc1ccccc1Br,0.5625
BrCCBr,0.5
Clc1ccccc1Cl,0.6428571428571429
ClCCCl,0.5
CC(Cl)CCl,0.5833333333333334
FC(F)(Cl)C(F)(F)Cl,0.6666666666666666
CCOCCOCC,0.6923076923076923
CCc1ccccc1CC,0.6666666666666666
O=N(=O)c1ccccc1N(=O)=O,0.7
CC1CO1,0.4117647058823529
Brc1cc(Br)cc(Br)c1,0.5384615384615384
Clc1cc(Cl)cc(Cl)c1,0.6363636363636364
Cc1cc(C)cc(C)c1,0.6153846153846154
O=N(=O)c1cc(cc(c1)N(=O)=O)N(=O)=O,0.6666666666666666
Oc1cccc(O)c1,0.6111111111111112
C=CC=C,0.4444444444444444
Brc1cccc(Br)c1,0.6470588235294118
Clc1cccc(Cl)c1,0.6470588235294118
ClCCCCl,0.5
CCNC(=S)NCC,0.2857142857142857
Fc1cccc(F)c1,0.6111111111111112
Cc1cc(C)c2ccccc2c1,0.5769230769230769
O=N(=O)c1cccc(c1)N(=O)=O,0.6956521739130435
Oc1ccc(O)cc1,0.6153846153846154
C1C=CCC=C1,0.2727272727272727
Brc1ccc(Br)cc1,0.6666666666666666
Clc1ccc(Cl)cc1,0.7272727272727273
CCc1ccc(CC)cc1,0.7333333333333333
Fc1ccc(F)cc1,0.5833333333333334
Cc1ccc(C)c2ccccc12,0.7333333333333333
O=N(=O)c1ccc(cc1)N(=O)=O,0.7222222222222222
C=CCC=C,0.45454545454545453
Cc1cccc2c(C)cccc12,0.7333333333333333
C=CCCC=C,0.5384615384615384
c1cnc2c(c1)ccc3ncccc23,0.5
CC12CCC(CC1)C(C)(C)O2,1.0
CC1(O)CCC2C3CCC4=CC(=O)CCC4(C)C3CCC21C,0.7441860465116279
Nc2cccc3nc1ccccc1cc23 ,0.5833333333333334
CC(C)CBr,0.4166666666666667
CCCCBr,0.75
CCCCCCCBr,1.0
CCCCCCBr,1.0
Brc1cccc2ccccc12,0.6
CCCCCCCCBr,1.0
CCCCCBr,0.9166666666666666
CCCBr,0.6363636363636364
CCCCO,0.7692307692307693
CCC=C,0.5384615384615384
CCC#C,0.5
ClCCBr,0.5555555555555556
ClCC(C)C,0.5833333333333334
CCCCCl,0.7692307692307693
CCCCCCCCl,1.0
CCCCCCCl,1.0
Clc1cccc2ccccc12,0.5454545454545454
CCCCCCl,0.9230769230769231
CCCCl,0.5833333333333334
CCCCCCCCCCO,1.0
CCCCCCCCC=C,1.0
CCCCCCCCCCCCO,1.0
CCc1cccc2ccccc12,0.6
CCCCCCCO,1.0
CCCCCC=C,0.9375
CCCCCC#C,0.9375
CCCCCCCCCCCCCCCCO,1.0
CCCCCCO,1.0
CCCCC=C,0.8125
CCCC(O)C=C,0.42105263157894735
CCCCC#C,0.8125
CCCCI,0.7142857142857143
CCCCCCCI,0.7142857142857143
Ic1cccc2ccccc12,0.5263157894736842
CCCI,0.5833333333333334
CC1=CCCCC1,0.3235294117647059
Cc1cccc2c1Cc3ccccc32,0.5416666666666666
Cc1cccc2ccccc12,0.7272727272727273
Cc1cccc2c1ccc3ccccc32,0.7272727272727273
Cn1ccc(=O)[nH]c1=O,0.40625
Oc1cccc2ccccc12,0.6
Nc1cccc2ccccc12,0.5454545454545454
O=N(=O)c1cccc2ccccc12,0.6086956521739131
CCCN(=O)=O,0.5625
CCCCCCCCCO,1.0
CCCCCCCC=C,1.0
CCCCCCCC#C,1.0
CCCCCCCCCCCCCCCCCCO,1.0
CCCCCCCCO,1.0
CCCCCCC=C,1.0
CCCCCCC#C,1.0
CCCCCCCCCCCCCCCO,1.0
CCCCCO,0.9230769230769231
CCCC=C,0.625
CCCC#C,0.625
CC(O)c1ccccc1,0.5789473684210527
CCCO,0.5833333333333334
CCCCCCCCCCCCCCO,1.0
Clc1c(Cl)c(Cl)c(c(Cl)c1Cl)c2c(Cl)c(Cl)c(Cl)c(Cl)c2Cl ,0.42857142857142855
Clc1cc(c(Cl)c(Cl)c1Cl)c2cc(Cl)c(Cl)c(Cl)c2Cl,0.6666666666666666
Clc1ccc(c(Cl)c1Cl)c2ccc(Cl)c(Cl)c2Cl ,0.7142857142857143
Clc1cc(Cl)c(Cl)c(c1Cl)c2c(Cl)c(Cl)cc(Cl)c2Cl ,0.6428571428571429
Clc1cccc(c1Cl)c2c(Cl)c(Cl)cc(Cl)c2Cl ,0.6666666666666666
Clc1cccc(c1Cl)c2cccc(Cl)c2Cl,0.7142857142857143
Clc1ccc(c(Cl)c1)c2c(Cl)c(Cl)c(Cl)c(Cl)c2Cl,0.7083333333333334
Clc1ccc(Cl)c(c1)c2c(Cl)c(Cl)c(Cl)c(Cl)c2Cl,0.7727272727272727
Clc1ccc(Cl)c(c1)c2cc(Cl)c(Cl)c(Cl)c2Cl,0.6923076923076923
Clc1cc(Cl)c(cc1Cl)c2cccc(Cl)c2Cl ,0.7142857142857143
Clc1ccc(c(Cl)c1)c2c(Cl)ccc(Cl)c2Cl ,0.7083333333333334
Clc1ccc(Cl)c(c1)c2c(Cl)c(Cl)cc(Cl)c2Cl ,0.7727272727272727
Clc1ccc(Cl)c(c1)c2cccc(Cl)c2Cl ,0.6521739130434783
CC(C)C(C)(C)C,0.5
Clc1cc(Cl)c(cc1Cl)c2cc(Cl)c(Cl)cc2Cl ,0.6666666666666666
Clc1cc(Cl)c(c(Cl)c1)c2c(Cl)cc(Cl)cc2Cl ,0.6875
Clc1ccc(c(Cl)c1)c2cc(Cl)ccc2Cl ,0.6666666666666666
Clc1cc(Cl)c(c(Cl)c1)c2c(Cl)cccc2Cl,0.75
CC(C)CC(C)(C)C,0.5294117647058824
CC(C)CCC(C)(C)C,0.4444444444444444
Clc1cccc(Cl)c1c2c(Cl)cccc2Cl ,0.75
CCC(C)(C)CO,0.6153846153846154
CCC(C)(C)C,0.5454545454545454
CCCC(C)(C)C,0.5
CCCC(C)(C)CO,0.5882352941176471
CC(C)(C)CO,0.5454545454545454
Clc1ccccc1c2ccccc2Cl ,0.6666666666666666
Clc1ccc(cc1Cl)c2cc(Cl)c(Cl)c(Cl)c2Cl ,0.5652173913043478
Clc1ccc(c(Cl)c1Cl)c2c(Cl)cc(Cl)c(Cl)c2Cl ,0.5909090909090909
Clc1ccc(c(Cl)c1)c2cc(Cl)c(Cl)c(Cl)c2Cl ,0.72
Clc1ccc(c(Cl)c1)c2ccc(Cl)c(Cl)c2Cl ,0.72
Clc2c(Cl)c(Cl)c(c1ccccc1)c(Cl)c2Cl ,0.5714285714285714
Clc1ccc(Cl)c(c1)c2ccc(Cl)c(Cl)c2,0.7391304347826086
Oc1cc(Cl)c(Cl)c(Cl)c1Cl,0.5882352941176471
Oc1c(Cl)cc(Cl)c(Cl)c1Cl,0.6666666666666666
Clc1ccc(cc1)c2cccc(Cl)c2Cl ,1.0
Clc1ccc(cc1)c2cccc(Cl)c2Cl ,1.0
Oc1ccc(Cl)c(Cl)c1Cl,0.625
CC(C)C(C)C(C)C,0.5
Oc1c(Cl)c(Cl)cc(Cl)c1Cl,0.6666666666666666
Clc1cccc(c1)c2cc(Cl)ccc2Cl ,0.6538461538461539
Oc1cc(Cl)cc(Cl)c1Cl,0.6111111111111112
Oc1c(Cl)ccc(Cl)c1Cl,0.5625
O=N(=O)c1c(Cl)c(Cl)ccc1,0.68
Oc1cccc(Cl)c1Cl,0.6470588235294118
CC(=C)C(=C)C,0.625
CC(C)C(C)C,0.5714285714285714
Cc1cc2ccccc2cc1C,0.6
CCC(C)C(C)C,0.5
Cc1cccnc1C,0.42105263157894735
Clc1ccc(cc1)c2cc(Cl)ccc2Cl ,1.0
Clc1ccc(cc1)c2cc(Cl)ccc2Cl ,1.0
Oc1cc(Cl)c(Cl)cc1Cl,0.5714285714285714
Clc1ccc(cc1)c2c(Cl)cccc2Cl ,0.6666666666666666
Oc1c(Cl)cc(Cl)cc1Cl,0.6666666666666666
Cc1cc(C)c(O)c(C)c1,0.5
Cc1c(cc(cc1N(=O)=O)N(=O)=O)N(=O)=O,0.6071428571428571
Oc1ccc(Cl)cc1Cl,0.55
CC(C)CC(C)(C)O,0.5294117647058824
CC(C)C(O)C(C)C,0.5454545454545454
CC(C)C(=O)C(C)C,0.5384615384615384
CC(C)CC(C)C,0.5384615384615384
Cc1ccc(O)c(C)c1,0.55
Cc1ccnc(C)c1,0.38095238095238093
Cc1ccc(cc1N(=O)=O)N(=O)=O,0.5925925925925926
Clc1ccc(cc1)c2ccccc2Cl ,1.0
Clc1ccc(cc1)c2ccccc2Cl ,1.0
Oc1c(Cl)cccc1Cl,0.625
Cc1ccc2cc(C)ccc2c1,0.7647058823529411
Cc1cccc(C)c1O,0.5555555555555556
Cc1cccc(C)n1,0.3888888888888889
Cc1c(cccc1N(=O)=O)N(=O)=O,0.625
Clc1cccc(Cl)c1c2ccccc2 ,0.6666666666666666
c2c(C)cc1nc(C)ccc1c2 ,0.5
Nc3ccc2cc1ccccc1cc2c3 ,0.6470588235294118
c1c(Br)ccc2ccccc12 ,1.0
Brc1ccc2ccccc2c1,1.0
CC(C)Br,0.42857142857142855
Cc1ccccc1Br,0.5625
CCC(=O)C,0.5384615384615384
CC=CC=O,1.0
CCCCOCCO,0.7058823529411765
CCC(C)(C)Cl,0.5833333333333334
COc1ccccc1Cl,0.5217391304347826
Clc1ccccc1c2ccccc2,0.7142857142857143
CCC(C)Cl,0.5384615384615384
Clc1ccc2ccccc2c1,0.5454545454545454
Oc1ccccc1Cl,0.6
CC(C)Cl,0.8333333333333334
Cc1ccccc1Cl,0.5625
NC(N)=NC#N ,0.22727272727272727
CCCCCCCCC(=O)C,1.0
CCc1ccccn1,0.4
CCC(CC)CO,0.5789473684210527
CCCCC(CC)CO,0.5789473684210527
CCCC=C(CC)C=O,0.4090909090909091
CCC(CC)C=O,0.6
CCCCC(CC)C=O,0.6
CCc1ccc2ccccc2c1,0.5
CCc1ccccc1C,0.6666666666666666
CCCCCC(C)O,0.9375
CCCCCC(=O)C,0.9411764705882353
CCCCC(C)O,0.8125
CCCCC(=O)C,0.8235294117647058
Oc2ncc1nccnc1n2,0.5555555555555556
Oc1ccccn1,0.4
CC(C)I,0.5714285714285714
CC(C)c1ccccc1C,0.5
COc2ncc1nccnc1n2,0.5517241379310345
CC=C(C)C,0.3076923076923077
CC(=C)C=C,0.45454545454545453
CCC(=C)C,0.5333333333333333
CCCC(=C)C,0.5333333333333333
CCCCCC(C)(C)O,0.8235294117647058
CCCCC(C)(C)O,0.8235294117647058
CCCC(C)(C)O,0.6470588235294118
CCC(O)C(C)C,0.5333333333333333
Cc1ccc2cc3ccccc3cc2c1,0.8421052631578947
CCC(C)(C)O,0.5833333333333334
CCC(C)C,0.5454545454545454
CCC(C)CO,0.5714285714285714
CCCCCC(C)C,0.6111111111111112
Cc1ccc2ccccc2c1,0.8421052631578947
CCCC(C)C,0.5625
CCCC(C)CO,0.5555555555555556
Cc1ccc2c(ccc3ccccc32)c1,0.6521739130434783
Cc1ccccc1O,0.6
CC(C)CO,0.5
CC(C)C,0.5
CC(=C)C,0.625
Cc2ncc1nccnc1n2,0.5555555555555556
CC1CCCO1,0.4117647058823529
Oc1ccc2ccccc2c1,0.5
CC(C)N(=O)=O,0.4666666666666667
CCCCCCCC(C)O,1.0
CCCCCCCC(=O)C,1.0
CCCCCCC(C)O,1.0
CCCCCCC(=O)C,1.0
CCCC(C)O,0.625
CCCC(=O)C,0.6470588235294118
OCCOc1ccccc1,0.5217391304347826
CC(C)O,0.5555555555555556
O=C1CCCN1,0.3684210526315789
CCCCCCCCCC(C)O,1.0
CC(C)(C)CCO,0.5
CC(O)C(C)(C)C,0.5
CC(=O)C(C)(C)C,0.38461538461538464
CCC(C)(C)CC,0.6153846153846154
O=N(=O)c1cc(Cl)c(Cl)cc1,0.56
Oc1ccc(Cl)c(Cl)c1,0.5
Cc1ccc(O)cc1C,0.5
Cc1ccncc1C,0.375
Clc1ccc(cc1Cl)c2ccccc2 ,0.5416666666666666
Oc1cc(Cl)cc(Cl)c1,0.5833333333333334
Cc1cc(C)cc(O)c1,0.6153846153846154
Cc1cncc(C)c1,0.5
O=C1N(COC(=O)CCC)C(=O)C(N1)(c2ccccc2)c3ccccc3,0.8809523809523809
COc1cccc(Cl)c1,0.5238095238095238
c1c(Cl)cccc1c2ccccc2,0.5789473684210527
Oc1cccc(Cl)c1,0.6111111111111112
ClCCC#N ,0.5
O=C1N(COC(=O)C)C(=O)C(N1)(c2ccccc2)c3ccccc3,0.775
CCC(O)(CC)CC,0.5
CCCCC(O)CC,0.8235294117647058
O=C1N(COC(=O)CCCCCC)C(=O)C(N1)(c2ccccc2)c3ccccc3,1.0
CCCC(O)CC,0.7142857142857143
CCCC(=O)CC,0.7333333333333333
O=C1N(COC(=O)CCCCC)C(=O)C(N1)(c2ccccc2)c3ccccc3,0.9761904761904762
CCC#CCC,0.4166666666666667
CC(C)C=C,0.36363636363636365
CC(C)C(C)O,0.5555555555555556
CC(C)C(=O)C,0.5384615384615384
CCC(C)CCO,1.0
CCC(C)CCO,1.0
CCC(C)C(=O)C,0.47058823529411764
CCCCC(C)(O)CC,0.6666666666666666
CCCC(C)(O)CC,0.6666666666666666
CCC(C)(O)CC,0.6
CC(C)CCO,0.625
c1cc(C)cc2c1c3cc4cccc5CCc(c45)c3cc2,0.7222222222222222
CCCCC(C)CC,0.5263157894736842
Cc1c[nH]c2ccccc12 ,0.43478260869565216
CCC(C)CC,0.5714285714285714
Cc1cccc(O)c1,0.6111111111111112
CCCCCC(O)CC,0.8235294117647058
O=C1N(COC(=O)CCCCCCC)C(=O)C(N1)(c2ccccc2)c3ccccc3,1.0
CCC(O)CC,0.6428571428571429
CCC(=O)CC,0.6
O=C1N(COC(=O)CCCC)C(=O)C(N1)(c2ccccc2)c3ccccc3,0.9285714285714286
O=C1N(COC(=O)CC)C(=O)C(N1)(c2ccccc2)c3ccccc3,0.8292682926829268
Clc1ccc(cc1)c2ccc(Cl)cc2 ,0.7272727272727273
Oc1ccc(Br)cc1,0.6153846153846154
Cc1ccc(Br)cc1,0.6153846153846154
COc1ccc(Cl)cc1,0.5
Oc1ccc(Cl)cc1,0.6153846153846154
Cc1ccc(Cl)cc1,0.6153846153846154
CCc1ccc(C)cc1,0.7333333333333333
CCCC(O)CCC,0.7142857142857143
CCCC(=O)CCC,0.7333333333333333
c1(O)cc(O)ccc1CCCCCC,0.3939393939393939
Oc1ccncc1,0.5
CC(C)c1ccc(C)cc1,0.5333333333333333
COc1ncnc2nccnc12 ,0.5357142857142857
CC(C)CC(C)O,0.5384615384615384
CC(C)CC(=O)C,0.4117647058823529
Cc1ccc(cc1)c2ccccc2,0.7142857142857143
CC(C)CCCO,0.625
Cc1ncnc2nccnc12,0.5357142857142857
CC(=O)Nc1ccc(cc1)N(=O)=O,0.5416666666666666
OCCCC=C,0.47368421052631576
O=C1NC(=O)NC(=O)C1(CC)CC=C(C)C,0.6129032258064516
O=C1NC(=O)NC(=O)C1(C(C)C)CC=C(C)C,0.6333333333333333
O=C1NC(=O)NC(=O)C1(CC=C)CC=C,0.76
O=C1NC(=O)NC(=O)C1(C(C)C)C(C)C,0.6086956521739131
O=C1NC(=O)NC(=O)C1(C)C,0.5238095238095238
Oc2ccc1CCCCc1c2 ,0.45454545454545453
Cc1c(C)c2c3ccccc3ccc2c4ccccc14,0.7307692307692307
O=C1NC(=O)NC(=O)C1(CC)CC=C,0.76
O=C1NC(=O)NC(=O)C1(C(C)C)CC=C,0.6896551724137931
O=C1NC(=O)NC(=O)C1(C)CC=C,0.6153846153846154
O=C1NC(=O)NC(=O)C1(CC=C)c1ccccc1,0.65625
O=C1NC(=O)NC(=O)C1(CC)CCC(C)C,1.0
O=C1NC(=O)NC(=O)C1(CC)C(C)C,1.0
O=C1NC(=O)NC(=O)C1(CC)c1ccccc1,1.0
Fc1c[nH]c(=O)[nH]c1=O ,0.52
Oc1cccc2ncccc12 ,0.4827586206896552
O=C1NC(=O)NC(=O)C1(C)CC,0.5909090909090909
c1cccc2c3c(C)cc4ccccc4c3ccc12,0.6296296296296297
Nc1c(C)c[nH]c(=O)n1 ,0.5714285714285714
CCCCC(=O)CCCC,0.625
Nc3cc2c1ccccc1ccc2c4ccccc34 ,0.6363636363636364
Oc2ccc1ncccc1c2 ,0.6
COc2cnc1ncncc1n2,0.7586206896551724
Cc1cc2c3ccccc3ccc2c4ccccc14,0.72
Cc1c2ccccc2c(C)c3ccc4ccccc4c13,0.7307692307692307
COc2cnc1cncnc1n2,0.7586206896551724
Cc2cnc1cncnc1n2,0.6333333333333333
Oc1cccc2cccnc12 ,0.5
Cc1c2ccccc2c(C)c3ccccc13,0.6111111111111112
c3ccc2c(O)c1ccccc1cc2c3 ,0.5454545454545454
Cc1c2ccccc2cc3ccccc13,0.6111111111111112
COP(=S)(OC)Oc1ccc(Sc2ccc(OP(=S)(OC)OC)cc2)cc1,0.5142857142857142
C1Cc2cccc3cccc1c23,0.5
C1=Cc2cccc3cccc1c23,0.5294117647058824
COP(=O)(NC(C)=O)SC ,0.34782608695652173
CC(=O)N,0.5555555555555556
CC(=O)Nc1ccccc1,0.65
CC(=O)Nc1nnc(s1)S(N)(=O)=O ,0.2972972972972973
CC#N,0.36363636363636365
CC(=O)c1ccccc1,0.6666666666666666
CC(=O)N(S(=O)c1ccc(N)cc1)c2onc(C)c2C ,0.32558139534883723
c3ccc2nc1ccccc1cc2c3,0.5833333333333334
C=CC=O,0.4444444444444444
C=CC#N,0.2857142857142857
Nc1ncnc2nc[nH]c12 ,0.5161290322580645
CC34CC(=O)C1C(CCC2=CC(=O)CCC12C)C3CCC4(=O) ,0.6829268292682927
CCc1cccc(CC)c1N(COC)C(=O)CCl ,0.675
CC13CCC(=O)C=C1CCC4C2CCC(C(=O)CO)C2(CC(O)C34)C=O ,0.7777777777777778
ClC1=C(Cl)C2(Cl)C3C4CC(C=C4)C3C1(Cl)C2(Cl)Cl,0.4827586206896552
NC(=O)NC1NC(=O)NC1=O ,0.2777777777777778
C=CCS(=O)SCC=C,0.24242424242424243
O=c1[nH]cnc2[nH]ncc12 ,0.42857142857142855
O=C1NC(=O)C(=O)C(=O)N1 ,0.6923076923076923
C1(=O)NC(=O)NC(=O)C1(O)C2(O)C(=O)NC(=O)NC2(=O),0.47368421052631576
CN(C)c1nc(nc(n1)N(C)C)N(C)C,0.6470588235294118
CCNc1nc(NC(C)C)nc(SC)n1,0.75
OCC3OC(OCC2OC(OC(C#N)c1ccccc1)C(O)C(O)C2O)C(O)C(O)C3O ,0.4642857142857143
CNC(=O)Oc1ccc(N(C)C)c(C)c1,0.5
CN(C)c2c(C)n(C)n(c1ccccc1)c2=O ,0.6
Nc1nccs1 ,0.2608695652173913
CN(C=Nc1ccc(C)cc1C)C=Nc2ccc(C)cc2C,0.5625
Nc1nc[nH]n1,0.3103448275862069
CCC1(CCC(C)C)C(=O)NC(=O)NC1=O,1.0
Cc2c(N)c(=O)n(c1ccccc1)n2C,0.6
COc1ccc(cc1)C(O)(C2CC2)c3cncnc3 ,0.30612244897959184
CC34CCC1C(CCC2=CC(=O)CCC12C)C3CCC4=O,0.6829268292682927
CC12CCC(O)CC1CCC3C2CCC4(C)C3CCC4=O,1.0
COc1ccc(C=CC)cc1,0.56
Nc1ccccc1,0.4666666666666667
COP(=S)(OC)SCC(=O)N(C(C)C)c1ccc(Cl)cc1,0.45652173913043476
COc1ccccc1,0.5294117647058824
c1ccc2cc3ccccc3cc2c1,0.9090909090909091
O=C1c2ccccc2C(=O)c3ccccc13,0.5
Cc1cc(=O)n(c2ccccc2)n1C,0.4857142857142857
CCCC1C(=O)N3N(C1=O)c2cc(C)ccc2N=C3N(C)C ,0.3333333333333333
OC4=C(C1CCC(CC1)c2ccc(Cl)cc2)C(=O)c3ccccc3C4=O,0.3235294117647059
CCNc1nc(NC(C)C)nc(OC)n1,0.75
CCNc1nc(Cl)nc(NC(C)C)n1,0.7307692307692307
CCN(CC)C(=O)CSc1ccc(Cl)nn1,0.2826086956521739
N(=Nc1ccccc1)c2ccccc2,0.4
CNC(=O)C=C(C)OP(=O)(OC)OC,0.36363636363636365
ClCC#CCOC(=O)Nc1cccc(Cl)c1,0.5454545454545454
O=C1NC(=O)NC(=O)C1(CC)CC,0.6666666666666666
NS(=O)(=O)c3cc2c(NC(Cc1ccccc1)NS2(=O)=O)cc3C(F)(F)F,0.44642857142857145
CCCCN(CC)c1c(cc(cc1N(=O)=O)C(F)(F)F)N(=O)=O,0.7435897435897436
CCOC(=O)CCN(SN(C)C(=O)Oc1cccc2CC(C)(C)Oc21)C(C)C,0.5
c1c(NC(=O)c2ccccc2(I))cccc1,0.6428571428571429
CCCCNC(=O)n1c(NC(=O)OC)nc2ccccc12,0.31746031746031744
CC(C)OP(=S)(OC(C)C)SCCNS(=O)(=O)c1ccccc1,0.29411764705882354
O=Cc1ccccc1,0.5
NC(=O)c1ccccc1,0.5789473684210527
c1ccccc1,0.3333333333333333
c1ccccc1C(O)c2ccccc2,0.6470588235294118
O=C(Cn1ccnc1N(=O)=O)NCc2ccccc2,0.37777777777777777
C1c2ccccc2c3ccc4ccccc4c13,0.5
c1ccc2c(c1)cc3ccc4cccc5ccc2c3c45,0.6521739130434783
c1ccc2c(c1)c3cccc4c3c2cc5ccccc54,0.5416666666666666
C1c2ccccc2c3cc4ccccc4cc13,0.6363636363636364
c1ccc2c(c1)c3cccc4ccc5cccc2c5c43,0.8235294117647058
c1ccc2c3c(ccc2c1)c4cccc5cccc3c45,0.56
c1ccc2cc3c4cccc5cccc(c3cc2c1)c45,0.7368421052631579
c1cc2ccc3ccc4ccc5cccc6c(c1)c2c3c4c56,0.8235294117647058
CCOC(=O)c1ccc(N)cc1,1.0
OC(C(=O)c1ccccc1)c2ccccc2,0.5217391304347826
N#Cc1ccccc1,0.5
O=C(c1ccccc1)c2ccccc2,0.6666666666666666
c2ccc1scnc1c2 ,0.3793103448275862
c2ccc1[nH]nnc1c2,0.35714285714285715
c2ccc1ocnc1c2,0.3448275862068966
ClCc1ccccc1,0.5294117647058824
FC(F)(F)c1ccccc1,0.5882352941176471
NC(=O)NCc1ccccc1 ,0.4074074074074074
CCCCC(=O)OC3(C(C)CC4C2CCC1=CC(=O)C=CC1(C)C2(F)C(O)CC34C)C(=O)CO,0.7313432835820896
C(Cc1ccccc1)c2ccccc2,0.6470588235294118
c1ccc(cc1)c2ccccc2,0.9
c2ccc1nc(ccc1c2)c4ccc3ccccc3n4 ,0.5238095238095238
CC1(C)C2CCC1(C)C(O)C2,0.3548387096774194
CCC(C)n1c(=O)[nH]c(C)c(Br)c1=O ,0.3170731707317073
OC(CC(c1ccccc1)c3c(O)c2ccccc2oc3=O)c4ccc(cc4)c5ccc(Br)cc5 ,0.5471698113207547
Brc1ccccc1,0.5833333333333334
ClCBr,0.5555555555555556
BrC(Cl)Cl,0.7142857142857143
CCBr,0.5555555555555556
CBr,0.2857142857142857
COP(=S)(OC)Oc1cc(Cl)c(Br)cc1Cl,0.7333333333333333
CC(C)OC(=O)C(O)(c1ccc(Br)cc1)c2ccc(Br)cc2 ,0.6153846153846154
Oc1c(Br)cc(C#N)cc1Br ,0.52
c1ccccc1n2ncc(N)c(Br)c2(=O),0.6764705882352942
CCCCc1c(C)nc(NCC)nc1OS(=O)(=O)N(C)C ,0.4583333333333333
O=C1NC(=O)NC(=O)C1(CC)C(C)CC,0.7037037037037037
c1(C(C)(C)C)cc(C(C)(C)C)cc(OC(=O)NC)c1,0.6
CCCCOCN(C(=O)CCl)c1c(CC)cccc1CC ,0.675
CCC(C)C1(CC(Br)=C)C(=O)NC(=O)NC1=O ,0.59375
CCCCOC(=O)c1ccc(N)cc1,0.7931034482758621
CCC(C)O,0.5714285714285714
CCCC,0.5
CCCCS,0.5
CCCCC1(CC)C(=O)NC(=O)NC1=O,0.6666666666666666
CN1CC(O)N(C1=O)c2nnc(s2)C(C)(C)C,0.19298245614035087
CC(C#C)N(C)C(=O)Nc1ccc(Cl)cc1,0.6
CCCCOC=O,0.7222222222222222
CCSC(=O)N(CC(C)C)CC(C)C,0.36363636363636365
CCCCc1ccccc1,0.85
CCCC=O,0.625
Cn1cnc2n(C)c(=O)n(C)c(=O)c12,0.5263157894736842
CC1(C)C2CCC1(C)C(=O)C2,0.36666666666666664
CCCCCC=O,0.8125
ClC(Cl)C(Cl)(Cl)SN2C(=O)C1CC=CCC1C2=O ,0.21052631578947367
O=C(Nc1ccccc1)Nc2ccccc2,0.65
CNC(=O)Oc1cccc2ccccc12,0.5555555555555556
c1ccc2c(c1)[nH]c3ccccc32,0.5
c1c(NC(=O)OC(C)C(=O)NCC)cccc1,0.4444444444444444
CNC(=O)Oc1cccc2CC(C)(C)Oc12,0.5
CCOP(=S)(OCC)SCSc1ccc(Cl)cc1,0.5666666666666667
CC1=C(SCCO1)C(=O)Nc2ccccc2,0.5476190476190477
CCC(Br)(CC)C(=O)NC(N)=O,0.3055555555555556
c1(O)c(C)ccc(C(C)C)c1,0.5
CC(=C)C1CC=C(C)C(=O)C1,0.47058823529411764
OCC(O)C2OC1OC(OC1C2O)C(Cl)(Cl)Cl ,0.20588235294117646
OCC(NC(=O)C(Cl)Cl)C(O)c1ccc(cc1)N(=O)=O,0.6363636363636364
CCN(CC)c1nc(Cl)nc(n1)N(CC)CC,0.6428571428571429
CON(C)C(=O)Nc1ccc(Br)c(Cl)c1,0.7567567567567568
CC(OC(=O)Nc1cccc(Cl)c1)C#C,0.7105263157894737
ClC1CC2C(C1Cl)C3(Cl)C(=C(Cl)C2(Cl)C3(Cl)Cl)Cl,0.4666666666666667
ClC2=C(Cl)C3(Cl)C1C=CCC1C2(Cl)C3(Cl)Cl ,0.45161290322580644
CN(C)C=Nc1ccc(Cl)cc1C,0.5625
CCOC(=O)c1ccccc1S(=O)(=O)NN(C=O)c2nc(Cl)cc(OC)n2,0.37254901960784315
NC(=O)CCl ,0.45454545454545453
ClCC#N,0.5
Clc1ccccc1,0.5833333333333334
ClC(Br)Br,0.7142857142857143
ClCC,0.5555555555555556
ClC=C,0.375
CC(C)OC(=O)Nc1cccc(Cl)c1,0.7105263157894737
ClC(Cl)(Cl)N(=O)=O,0.35714285714285715
c1ccc(Cl)cc1C(c2ccc(Cl)cc2)(O)C(=O)OC(C)C,0.6153846153846154
c1(C#N)c(Cl)c(C#N)c(Cl)c(Cl)c(Cl)1,0.29411764705882354
NS(=O)(=O)c2cc1c(N=CNS1(=O)=O)cc2Cl ,0.5348837209302325
CN(C)C(=O)Nc1ccc(C)c(Cl)c1,1.0
CN(C)C(=O)Nc2ccc(Oc1ccc(Cl)cc1)cc2,0.8275862068965517
CCOP(=S)(OCC)Oc1nc(Cl)c(Cl)cc1Cl ,0.45
c2(Cl)c(Cl)c(Cl)c1nccnc1c2(Cl) ,0.3157894736842105
NS(=O)(=O)c1cc(ccc1Cl)C2(O)NC(=O)c3ccccc23,0.31746031746031744
CN(C)C(=O)Nc1ccc(C)c(Cl)c1,1.0
Clc2ccc1oc(=O)[nH]c1c2,0.32142857142857145
C1Cc2c3c1cccc3cc4c2ccc5ccccc54,0.7222222222222222
c1ccc2c(c1)ccc3c4ccccc4ccc23,1.0
Cl\C=C/Cl,0.375
C/C1CCCCC1\C,0.6666666666666666
CC/C=C\C,1.0
CC(C)=CCCC(C)=CC(=O),0.56
CC1(C)CON(Cc2ccccc2Cl)C1=O,0.2702702702702703
Clc1ccccc1C2=NCC(=O)Nc3ccc(cc23)N(=O)=O,0.7291666666666666
c1cc2ccc3ccc4ccc5ccc6ccc1c7c2c3c4c5c67,0.5833333333333334
CC12CC(O)C3C(CCC4=CC(=O)CCC34C)C2CCC1C(=O)CO,0.7777777777777778
CC12CC(=O)C3C(CCC4=CC(=O)CCC34C)C2CCC1(O)C(=O)CO,0.7678571428571429
CC(=O)OCC(=O)C3(O)CCC4C2CCC1=CC(=O)CCC1(C)C2C(=O)CC34C ,0.7678571428571429
CC(=O)CC(c1ccc(Cl)cc1)c2c(O)c3ccccc3oc2=O,0.8372093023255814
CCOP(=S)(OCC)Oc2ccc1oc(=O)c(Cl)c(C)c1c2,0.3877551020408163
O=c2c(C3CCCc4ccccc43)c(O)c1ccccc1o2 ,0.35714285714285715
CCNc1nc(Cl)nc(NC(C)(C)C#N)n1,0.6551724137931034
CCSC(=O)N(CC)C1CCCCC1 ,0.36363636363636365
CCC1(C(=O)NC(=O)NC1=O)C2=CCCCC2 ,0.4594594594594595
O=C2NC(=O)C1(CCC1)C(=O)N2,0.8823529411764706
C1CCCCCC1,1.0
OC1CCCCCC1,1.0
C1CCC=CCC1,0.8888888888888888
O=C2NC(=O)C1(CCCCCC1)C(=O)N2 ,1.0
C1CCCCC1,1.0
OC1CCCCC1,1.0
O=C1CCCCC1,0.3
C1CCC=CC1,0.8888888888888888
CC1CC(C)C(=O)C(C1)C(O)CC2CC(=O)NC(=O)C2 ,0.2391304347826087
O=C2NC(=O)C1(CCCCC1)C(=O)N2,1.0
C1CCCCCCC1,1.0
OC1CCCCCCC1,1.0
O=C2NC(=O)C1(CCCCCCC1)C(=O)N2,1.0
C1CCCC1,1.0
C1CC=CC1,0.7777777777777778
O=C2NC(=O)C1(CCCC1)C(=O)N2,0.9411764705882353
O=C2NC(=O)C1(CC1)C(=O)N2 ,0.7647058823529411
CN(C)C(=O)NC1CCCCCCC1,0.4444444444444444
CC1(C)C(C=C(Cl)Cl)C1C(=O)OC(C#N)c2ccc(F)c(Oc3ccccc3)c2,0.7719298245614035
CC1(C)C(C=C(Cl)C(F)(F)F)C1C(=O)OC(C#N)c2cccc(Oc3ccccc3)c2,0.8518518518518519
CC1(C)C(C=C(Cl)Cl)C1C(=O)OC(C#N)c2cccc(Oc3ccccc3)c2,0.8518518518518519
Nc1cc[nH]c(=O)n1 ,0.4
CC23Cc1cnoc1C=C2CCC4C3CCC5(C)C4CCC5(O)C#C,0.6111111111111112
Nc1ccc(cc1)S(=O)(=O)c2ccc(N)cc2,0.65
ClC(Cl)C(c1ccc(Cl)cc1)c2ccc(Cl)cc2,1.0
ClC(Cl)=C(c1ccc(Cl)cc1)c2ccc(Cl)cc2,1.0
Clc1ccc(cc1)C(c2ccc(Cl)cc2)C(Cl)(Cl)Cl,0.5384615384615384
C1CCC2CCCCC2C1,0.38461538461538464
CCCCSP(=O)(SCCCC)SCCCC,0.35
CC1(C)C(C=C(Br)Br)C1C(=O)OC(C#N)c2cccc(Oc3ccccc3)c2,0.8461538461538461
CC12CCC3C(CCC4=CC(=O)CCC34C)C2CCC1C(=O)CO,0.7843137254901961
CC(=O)OCC(=O)C3CCC4C2CCC1=CC(=O)CCC1(C)C2CCC34C ,0.7843137254901961
CCOC(=O)Nc2cccc(OC(=O)Nc1ccccc1)c2 ,0.625
CC1CC2C3CCC4=CC(=O)C=CC4(C)C3(F)C(O)CC2(C)C1(O)C(=O)CO,0.8596491228070176
CC4CC3C2CCC1=CC(=O)C=CC1(C)C2(F)C(O)CC3(C)C4(O)C(=O)COC(C)=O ,0.8181818181818182
CC2(C)C1CCC(C)(C1)C2=O,0.36666666666666664
CCCCC(CC)COC(=O)c1ccccc1C(=O)OCC(CC)CCCC,0.5833333333333334
CCOP(=S)(OCC)SC(CCl)N1C(=O)c2ccccc2C1=O,1.0
CCOP(=S)(OCC)SC(CCl)N2C(=O)c1ccccc1C2=O,1.0
CC(C)N(C(C)C)C(=O)SCC(=CCl)Cl,0.6333333333333333
CN2C(=O)CN=C(c1ccccc1)c3cc(Cl)ccc23,0.6808510638297872
CCOP(=S)(OCC)Oc1cc(C)nc(n1)C(C)C,0.4186046511627907
o1c2ccccc2c3ccccc13,0.4666666666666667
c1ccc2c(c1)sc3ccccc23,0.4666666666666667
BrCBr,0.5
CCCCOCCCC,0.7058823529411765
CCCCOC(=O)CCCCCCCCC(=O)OCCCC,0.6666666666666666
CCCCOC(=O)c1ccccc1C(=O)OCCCC ,0.8571428571428571
COP(=S)(OC)Oc1ccc(cc1Cl)N(=O)=O,0.5263157894736842
ClCCl,0.5
Oc1ccc(Cl)cc1Cc2cc(Cl)ccc2O,0.5416666666666666
OC(c1ccc(Cl)cc1)(c2ccc(Cl)cc2)C(Cl)(Cl)Cl,0.4444444444444444
ClC4=C(Cl)C5(Cl)C3C1CC(C2OC12)C3C4(Cl)C5(Cl)Cl,1.0
CC=C(C(=CC)c1ccc(O)cc1)c2ccc(O)cc2,0.47058823529411764
ClC1=C(Cl)C(Cl)(C(=C1Cl)Cl)C2(Cl)C(=C(Cl)C(=C2Cl)Cl)Cl,0.23076923076923078
CCOCC,0.6363636363636364
CCOC(=O)c1ccccc1C(=O)OCC,0.6666666666666666
CCSCC,0.45454545454545453
CCSSCC,0.45454545454545453
CCC(=C(CC)c1ccc(O)cc1)c2ccc(O)cc2 ,0.48148148148148145
COc2ccc(Oc1ccc(NC(=O)N(C)C)cc1)cc2,0.7272727272727273
Fc1cccc(F)c1C(=O)NC(=O)Nc2ccc(Cl)cc2,0.5813953488372093
CC1OC(CC(O)C1O)OC2C(O)CC(OC2C)OC8C(O)CC(OC7CCC3(C)C(CCC4C3CCC5(C)C(CCC45O)C6=CC(=O)OC6)C7)OC8C ,0.8
CC1OC(CC(O)C1O)OC2C(O)CC(OC2C)OC8C(O)CC(OC7CCC3(C)C(CCC4C3CC(O)C5(C)C(CCC45O)C6=CC(=O)OC6)C7)OC8C ,0.8
CCCCCCOC(=O)c1ccccc1C(=O)OCCCCCC,1.0
ICI,0.42857142857142855
c1(C(=O)OCCCCCC(C)(C))c(C(=O)OCCCCCC(C)(C))cccc1,0.696969696969697
CC(C)OC(C)C,0.3333333333333333
CC(C)SC(C)C,0.3333333333333333
CCN(CC)C(=O)C(=CCOP(=O)(OC)OC)Cl,0.2653061224489796
CN(C)C(=O)Nc1ccc(c(Cl)c1)n2nc(oc2=O)C(C)(C)C,0.5531914893617021
CN(C)C(=O)OC1=CC(=O)CC(C)(C)C1 ,0.42857142857142855
CCCCc1c(C)nc(nc1O)N(C)C ,0.3448275862068966
COCOC,0.35714285714285715
COC(=O)c1ccccc1C(=O)OC,0.6086956521739131
CSC,0.5
CSSC,0.5
CCN(CC)c1c(cc(c(N)c1N(=O)=O)C(F)(F)F)N(=O)=O,1.0
CCC(C)c1cc(cc(N(=O)=O)c1O)N(=O)=O ,0.5405405405405406
OC1C(O)C(O)C(O)C(O)C1O,0.29411764705882354
CCCSCCC,0.38461538461538464
CCCCCCCCOC(=O)c1ccccc1C(=O)OCCCCCCCC ,1.0
C1C(O)CCC2(C)CC3CCC4(C)C5(C)CC6OCC(C)CC6OC5CC4C3C=C21,0.2702702702702703
CNC(=O)Oc1ccccc1C2OCCO2,0.4878048780487805
CN(C)C(=O)C(c1ccccc1)c2ccccc2 ,0.4583333333333333
O(c1ccccc1)c2ccccc2,0.5294117647058824
N(c1ccccc1)c2ccccc2,0.5714285714285714
C(c1ccccc1)c2ccccc2,0.6
CCCOCCC,0.6923076923076923
CCN(CC)C(=S)SSC(=S)N(CC)CC,0.5
CCOP(=S)(OCC)SCCSCC,0.6923076923076923
CCOP(=S)(OCC)N2C(=O)c1ccccc1C2=O,0.5
CN(C)C(=O)Nc1ccc(Cl)c(Cl)c1,0.75
CC1=CCC(CC1)C(C)=C,0.47058823529411764
Cc1cc(cc(N(=O)=O)c1O)N(=O)=O,0.6071428571428571
CCOc1ccc(NC(N)=O)cc1,0.7241379310344828
Cn2c(=O)n(C)c1ncn(CC(O)CO)c1c2=O,0.5263157894736842
CCCCCCCCCCCCCCCCCCCC,1.0
ClC4=C(Cl)C5(Cl)C3C1CC(C2OC12)C3C4(Cl)C5(Cl)Cl,1.0
CC34CCC1C(CCC2CC(O)CCC12C)C3CCC4=O,1.0
CC45CCC2C(CCC3CC1SC1CC23C)C4CCC5O,0.5434782608695652
CC34CCc1c(ccc2cc(O)ccc12)C3CCC4=O,0.5
CC34CCC1C(=CCc2cc(O)ccc12)C3CCC4=O,0.52
Oc2cc(O)c1C(=O)CC(Oc1c2)c3ccc(O)c(O)c3,0.25
OCC(O)C(O)CO,0.6666666666666666
CC12CCC3C(CCc4cc(O)ccc34)C2CCC1O,0.7209302325581395
c1(OC)ccc(CC=C)cc1,0.5151515151515151
CC34CCC1C(CCc2cc(O)ccc12)C3CC(O)C4O ,0.7209302325581395
CC12CCC3C(CCc4cc(O)ccc34)C2CCC1=O,0.6590909090909091
CCN(CC(C)=C)c1c(cc(cc1N(=O)=O)C(F)(F)F)N(=O)=O,0.6444444444444445
CC,0.3333333333333333
CCS,0.5
CCO,0.5555555555555556
CC34CCC1C(CCc2cc(O)ccc12)C3CCC4(O)C#C ,0.6041666666666666
CCSCc1ccccc1OC(=O)NC ,0.525
CCOP(=S)(OCC)SCSP(=S)(OCC)OCC,0.7727272727272727
CCCCc1c(C)nc(NCC)[nH]c1=O,0.4583333333333333
CC12CCC(=O)C=C1CCC3C2CCC4(C)C3CCC4(O)C#C ,0.8
CCOC2Oc1ccc(OS(C)(=O)=O)cc1C2(C)C,1.0
CCOC2Oc1ccc(OS(C)(=O)=O)cc1C2(C)C,1.0
CCOc2ccc1nc(sc1c2)S(N)(=O)=O ,0.2978723404255319
CCOC(=O)C,0.5789473684210527
CCOC(=O)c1ccccc1,0.6538461538461539
CCCCCOC(=O)CC,0.6818181818181818
CCOC(=O)C=Cc1ccccc1,0.46875
CCCCCCCCCC(=O)OCC,1.0
CCOC=O,0.5882352941176471
CCCCCCC(=O)OCC,1.0
CCCCCC(=O)OCC,0.95
CCCCCCCCC(=O)OCC,1.0
CCCCCCCC(=O)OCC,1.0
CCCOC(=O)CCC,0.6666666666666666
CCOC(=O)CC,0.6666666666666666
CCCOCC,0.6923076923076923
CCOC=C,0.5294117647058824
CCc1ccccc1,0.6666666666666666
CCC1CCCCC1,0.5263157894736842
C=C,0.16666666666666666
CCOC(=O)c1ccc(N)cc1,1.0
CCOC(=O)c1ccc(O)cc1,0.6923076923076923
C#C,0.14285714285714285
CCOc1ccc(cc1)C(C)(C)COCc3cccc(Oc2ccccc2)c3,0.41025641025641024
CCOC(=O)c1cncn1C(C)c2ccccc2,0.425
COc1cc(cc(OC)c1O)C6C2C(COC2=O)C(OC4OC3COC(C)OC3C(O)C4O)c7cc5OCOc5cc67,0.2608695652173913
CC12CCC(CC1)C(C)(C)O2 ,1.0
COc1cc(CC=C)ccc1O,0.5151515151515151
OC(c1ccc(Cl)cc1)(c2cncnc2)c3ccccc3Cl,0.35135135135135137
Cc1occc1C(=O)Nc2ccccc2,0.5151515151515151
COP(=S)(OC)Oc1ccc(N(=O)=O)c(C)c1,0.55
CN(C)C(=O)SCCCCOc1ccccc1,0.42857142857142855
CCOC(=O)NCCOc2ccc(Oc1ccccc1)cc2,0.45652173913043476
CC1(C)C(C(=O)OC(C#N)c2cccc(Oc3ccccc3)c2)C1(C)C,0.7115384615384616
CCOP(=S)(OCC)Oc1ccc(cc1)S(C)=O ,0.6285714285714286
COP(=S)(OC)Oc1ccc(SC)c(C)c1,0.55
CN(C)C(=O)Nc1ccccc1,0.6666666666666666
OC(Cn1cncn1)(Cn2cncn2)c3ccc(F)cc3F ,0.5652173913043478
CC(C)C(C(=O)OC(C#N)c1cccc(Oc2ccccc2)c1)c3ccc(OC(F)F)cc3,0.5423728813559322
Nc1nc(=O)[nH]cc1F,0.5714285714285714
CC34CC(O)C1(F)C(CCC2=CC(=O)CCC12C)C3CCC4(O)C(=O)CO ,0.5901639344262295
CC1CC2C3CC(F)C4=CC(=O)C=CC4(C)C3(F)C(O)CC2(C)C1(O)C(=O)CO,0.7142857142857143
CCN(Cc1c(F)cccc1Cl)c2c(cc(cc2N(=O)=O)C(F)(F)F)N(=O)=O,0.5576923076923077
CN(C)C(=O)Nc1cccc(c1)C(F)(F)F,1.0
c1ccc2c(c1)c3cccc4cccc2c34,0.7368421052631579
C1c2ccccc2c3ccccc13,0.6363636363636364
Fc1ccccc1,0.5833333333333334
CC1CC2C3CCC(O)(C(=O)C)C3(C)CC(O)C2(F)C4(C)C=CC(=O)C=C14,0.5373134328358209
CN(C)C(=O)Nc1cccc(c1)C(F)(F)F,1.0
Cn2cc(c1ccccc1)c(=O)c(c2)c3cccc(c3)C(F)(F)F,0.37142857142857144
FC(F)(F)c1cccc(c1)N2CC(CCl)C(Cl)C2=O,0.3793103448275862
OC(Cn1cncn1)(c2ccc(F)cc2)c3ccccc3F,0.5652173913043478
CC(C)C(Nc1ccc(cc1Cl)C(F)(F)F)C(=O)OC(C#N)c2cccc(Oc3ccccc3)c2,0.5285714285714286
CNC(=O)Oc1cccc(N=CN(C)C)c1,0.4888888888888889
COP(=S)(OC)SCC(=O)N(C)C=O,0.45652173913043476
OCC1OC(O)(CO)C(O)C1O,0.42105263157894735
c1ccoc1,0.2222222222222222
O=Cc1ccco1,0.3333333333333333
c1c(O)C2C(=O)C3cc(O)ccC3OC2cc1(OC),0.2641509433962264
OCC(O)COC(=O)c1ccccc1Nc2ccnc3cc(Cl)ccc23,0.32786885245901637
OCC1OC(O)C(O)C(O)C1O,0.68
CCC1(CCC(=O)NC1=O)c2ccccc2 ,0.47368421052631576
OCC(O)CO,0.5
CC(=O)OCC(COC(=O)C)OC(=O)C,0.5652173913043478
COC1=CC(=O)CC(C)C13Oc2c(Cl)c(OC)cc(OC)c2C3=O,0.24675324675324675
COc1ccccc1O ,1.0
Nc2nc1[nH]cnc1c(=O)[nH]2 ,0.3548387096774194
FC(F)(F)C(Cl)Br ,0.4166666666666667
c1cc(O)c(O)c2OCC3(O)CC4=CC(=O)C(O)=CC4=C3c21,0.22807017543859648
ClC1C=CC2C1C3(Cl)C(=C(Cl)C2(Cl)C3(Cl)Cl)Cl,0.6296296296296297
CCCCCCC,1.0
ClC(=C(Cl)C(=C(Cl)Cl)Cl)Cl,0.5
ClC(Cl)(Cl)C(Cl)(Cl)Cl,0.5
CCCCCCCCCCCCCCCCCCCCCCCCCC,1.0
CCCCCCCCCCCCCCCC,1.0
Cc1c(C)c(C)c(C)c(C)c1C,0.45454545454545453
CCCCCC,0.875
CCC(C(CC)c1ccc(O)cc1)c2ccc(O)cc2,0.48
CCCCCCc1ccccc1,0.95
O=C1CNC(=O)N1 ,0.3888888888888889
N(Nc1ccccc1)c2ccccc2 ,0.5714285714285714
c1ccccc1C(O)C(O)c2ccccc2,0.6470588235294118
NS(=O)(=O)c2cc1c(NCNS1(=O)=O)cc2Cl ,0.5681818181818182
CC12CC(O)C3C(CCC4=CC(=O)CCC34C)C2CCC1(O)C(=O)CO,0.7678571428571429
CC(=O)OCC(=O)C1(O)CCC2C3CCC4=CC(=O)CCC4(C)C3C(O)CC21C,0.7678571428571429
OC1C=CC2C1C3(Cl)C(=C(Cl)C2(Cl)C3(Cl)Cl)Cl ,0.6296296296296297
CC(=O)C1(O)CCC2C3CCC4=CC(=O)CCC4(C)C3CCC21C,0.7209302325581395
O=c1[nH]cnc2nc[nH]c12 ,0.5
C1Cc2ccccc2C1,0.8571428571428571
CC2Cc1ccccc1N2NC(=O)c3ccc(Cl)c(c3)S(N)(=O)=O ,0.36363636363636365
c2ccc1[nH]ncc1c2 ,0.38461538461538464
c2ccc1[nH]ccc1c2,0.3888888888888889
c2ccc1NCCc1c2 ,0.4090909090909091
OCC1OC(C(O)C1O)n2cnc3c(O)ncnc23,0.52
Ic1ccccc1,0.42857142857142855
CCI,0.5555555555555556
COP(=S)(OC)Oc1cc(Cl)c(I)cc1Cl,0.7333333333333333
CI,0.2857142857142857
Oc1c(I)cc(C#N)cc1I,0.52
CCN(CC)c1nc(Cl)nc(NC(C)C)n1,0.6470588235294118
CCOP(=S)(OCC)Oc1nc(Cl)n(n1)C(C)C,0.42857142857142855
CC(C)COC(=O)C,0.5652173913043478
CC(C)COC=O,0.5454545454545454
CC(C)Cc1ccccc1,0.47619047619047616
C1N(C(=O)NCC(C)C)C(=O)NC1,0.2765957446808511
Cc1cc(no1)C(=O)NNCc2ccccc2,0.3902439024390244
CCOP(=S)(NC(C)C)Oc1ccccc1C(=O)OC(C)C,0.3673469387755102
Nc1nc(O)nc2nc[nH]c12 ,0.5161290322580645
c1nccc(C(=O)NN)c1,0.36
CC(C)CCOC(=O)C,0.5652173913043478
CC(C)CCOC=O,0.5454545454545454
CC1=CC(=O)CC(C)(C)C1 ,0.42857142857142855
CNC(=O)Oc1ccccc1C(C)C,0.6470588235294118
CCCN(CCC)c1c(cc(cc1N(=O)=O)C(C)C)N(=O)=O,0.6153846153846154
CC(C)OC(=O)C,0.43478260869565216
CC(C)OC=O,0.4090909090909091
CC(C)c1ccccc1,0.5789473684210527
CC(C)c1ccc(NC(=O)N(C)C)cc1,0.6666666666666666
c1ccc2cnccc2c1,0.47058823529411764
CN(C)C(=O)Nc1cccc(OC(=O)NC(C)(C)C)c1 ,0.5476190476190477
CC(=O)CCC1C(=O)N(N(C1=O)c2ccccc2)c3ccccc3,0.6470588235294118
ClC1(C(=O)C2(Cl)C3(Cl)C14Cl)C5(Cl)C2(Cl)C3(Cl)C(Cl)(Cl)C45Cl,0.4375
COc2c1occc1c(OC)c3c(=O)cc(C)oc23 ,0.4883720930232558
OCC1OC(OC2C(O)C(O)C(O)OC2CO)C(O)C(O)C1O,1.0
C1OC(O)C(O)C(O)C1O,0.3333333333333333
O=c2[nH]c1CCCc1c(=O)n2C3CCCCC3,0.20689655172413793
CC(C)=CCCC(O)(C)C=C,0.3793103448275862
ClC1C(Cl)C(Cl)C(Cl)C(Cl)C1Cl,0.2857142857142857
CON(C)C(=O)Nc1ccc(Cl)c(Cl)c1,0.7567567567567568
OC3N=C(c1ccccc1Cl)c2cc(Cl)ccc2NC3=O,0.7674418604651163
CCC(C)C(=O)OC2CC(C)C=C3C=CC(C)C(CCC1CC(O)CC(=O)O1)C23 ,0.21428571428571427
CCOC(=O)CC(SP(=S)(OC)OC)C(=O)OCC,0.3939393939393939
CCOC(=O)CC(=O)OCC,0.6666666666666666
OCC1OC(OC2C(O)C(O)C(O)OC2CO)C(O)C(O)C1O,1.0
OCC(O)C(O)C(O)C(O)CO ,1.0
Nc1cccc(Cl)c1,0.6470588235294118
Clc1cccc(Br)c1,0.6470588235294118
Clc1cccc(I)c1,0.6111111111111112
Clc1cccc(c1)N(=O)=O,0.6956521739130435
COC(=O)Nc2nc1ccc(cc1[nH]2)C(=O)c3ccccc3,0.3684210526315789
CCOC(=O)N(C)C(=O)CSP(=S)(OCC)OCC,0.4411764705882353
c1c(OC)c(OC)C2C(=O)OCC2c1,0.2641509433962264
CC(=O)C3(C)CCC4C2C=C(C)C1=CC(=O)CCC1(C)C2CCC34C,0.7254901960784313
CN(C(=O)COc1nc2ccccc2s1)c3ccccc3,0.3902439024390244
CC(=O)Nc1cc(NS(=O)(=O)C(F)(F)F)c(C)cc1C,0.4772727272727273
CC(=O)OC3(CCC4C2C=C(C)C1=CC(=O)CCC1(C)C2CCC34C)C(C)=O ,0.7254901960784313
CC2=CC(=O)c1ccccc1C2=O ,0.5
CC(C)C1CCC(C)CC1O ,0.3181818181818182
CC(C)C1CCC(C)CC1=O,0.30434782608695654
CCCC(C)(COC(N)=O)COC(N)=O ,0.4782608695652174
Sc2nc1ccccc1s2 ,0.3902439024390244
COCC(=O)N(C(C)C(=O)OC)c1c(C)cccc1C ,0.4791666666666667
C,0.07692307692307693
CO,0.2857142857142857
Cc1ccccc1n3c(C)nc2ccccc2c3=O,0.3333333333333333
CCC1(CC)C(=O)NC(=O)N(C)C1=O ,0.5
Cn2c(=O)on(c1ccc(Cl)c(Cl)c1)c2=O,0.36363636363636365
COc1ccccc1OCC(O)COC(N)=O,0.38235294117647056
COC(C)(C)CCCC(C)CC=CC(C)=CC(=O)OC(C)C,0.34545454545454546
COCCCNc1nc(NC(C)C)nc(SC)n1,0.6153846153846154
COc2c1occc1cc3ccc(=O)oc23 ,0.4883720930232558
COc1ccc(cc1)C(c2ccc(OC)cc2)C(Cl)(Cl)Cl,0.5384615384615384
COC(=O)C,0.4117647058823529
COC(=O)C=C,0.3888888888888889
COC(=O)c1ccccc1,0.625
CCCCOC,0.6
CCCOC(=O)CC,0.6818181818181818
CCCCCCCCCC(=O)OC,1.0
COC=O,0.375
COC(=O)c1cc(O)c(O)c(O)c1 ,0.5185185185185185
CCCCCC(=O)OC,0.9473684210526315
CNN,0.2222222222222222
CCCCCCCCCCCC(=O)OC,1.0
COC(=O)c1cccnc1 ,0.5714285714285714
CCCCCCCCC(=O)OC,1.0
CCCCCCCC(=O)OC,1.0
CCCC(=O)OCC,0.75
CCC(=O)OC,0.5789473684210527
CCCOC,0.6
COC(C)(C)C,0.3333333333333333
CC1CCCCC1,0.9090909090909091
CC1CCCC1,0.9090909090909091
CN(C(=O)NC(C)(C)c1ccccc1)c2ccccc2,0.3888888888888889
COC(=O)c1ccc(O)cc1,0.625
CC(=O)OC3(C)CCC4C2CCC1=CC(=O)CCC1(C)C2CCC34C ,0.6666666666666666
Cc1cc(=O)[nH]c(=S)[nH]1,0.25806451612903225
CCc1cccc(C)c1N(C(C)COC)C(=O)CCl ,0.5333333333333333
CC2Nc1cc(Cl)c(cc1C(=O)N2c3ccccc3C)S(N)(=O)=O ,0.46296296296296297
c1ccccc1(OC(=O)NC),0.5625
COc1ccc(NC(=O)N(C)C)cc1Cl,0.6857142857142857
Cc1ncc(N(=O)=O)n1CCO ,1.0
CSc1nnc(c(=O)n1N)C(C)(C)C,0.20930232558139536
Cc1ncc(N(=O)=O)n1CCO,1.0
Fc1cccc(Br)c1,0.6111111111111112
Nc1cc(nc(N)n1=O)N2CCCCC2 ,0.1891891891891892
ClC1(C2(Cl)C3(Cl)C4(Cl)C5(Cl)C1(Cl)C3(Cl)Cl)C5(Cl)C(Cl)(Cl)C24Cl,0.4375
Cc1cccc(N)c1,0.7058823529411765
Nc1cccc(c1)N(=O)=O,0.6956521739130435
Oc1cccc(c1)N(=O)=O,0.6956521739130435
Cc1cccc(c1)N(=O)=O,0.6956521739130435
CON(C)C(=O)Nc1ccc(Cl)cc1,0.6857142857142857
COC(=O)c1ccccc1OC2OC(COC3OCC(O)C(O)C3O)C(O)C(O)C2O,0.42857142857142855
CN(C)C(=O)Nc1ccc(Cl)cc1,0.8275862068965517
Oc1ccc(c(O)c1)c3oc2cc(O)cc(O)c2c(=O)c3O ,0.2608695652173913
Cc1cccc(C)c1,0.7058823529411765
CCN(CC)c1ccccc1,0.47619047619047616
CN(C)C(=O)C,0.5384615384615384
CN(C)c1ccccc1,0.47619047619047616
COP(=O)(OC)OC(Br)C(Cl)(Cl)Br,0.3548387096774194
CCN(CC)C(=O)C(C)Oc1cccc2ccccc12 ,0.525
c1ccc2cc3cc4ccccc4cc3cc2c1,0.9090909090909091
c1ccc2ccccc2c1,0.6363636363636364
CCCCN(C)C(=O)Nc1ccc(Cl)c(Cl)c1,0.631578947368421
CC(C)=CCC/C(C)=C\CO,0.56
CCNc1ccccc1,0.45454545454545453
Cc3ccnc4N(C1CC1)c2ncccc2C(=O)Nc34 ,0.5686274509803921
Oc1ccc(Cl)cc1C(=O)Nc2ccc(cc2Cl)N(=O)=O,0.42857142857142855
NC(=O)c1cccnc1 ,0.5666666666666667
COC(=O)C1=C(C)NC(=C(C1c2ccccc2N(=O)=O)C(=O)OC)C ,0.42857142857142855
ON=Cc1ccc(o1)N(=O)=O ,0.5238095238095238
CN2C(=O)CN=C(c1ccccc1)c3cc(ccc23)N(=O)=O,0.6808510638297872
O=C1NCCN1c2ncc(s2)N(=O)=O,0.2413793103448276
CCN(CC)c1c(cc(c(N)c1N(=O)=O)C(F)(F)F)N(=O)=O,1.0
Clc1cccc(n1)C(Cl)(Cl)Cl,0.38461538461538464
O=C3CN=C(c1ccccc1)c2cc(ccc2N3)N(=O)=O,0.7291666666666666
O=N(=O)c1ccccc1,0.7058823529411765
CCN(=O)=O,0.5625
Clc2ccc(Oc1ccc(cc1)N(=O)=O)c(Cl)c2,0.53125
O=C2CN(N=Cc1ccc(o1)N(=O)=O)C(=O)N2 ,0.5238095238095238
O=N(=O)OCC(CON(=O)=O)ON(=O)=O ,0.30434782608695654
CN(=O)=O,0.46153846153846156
CNc1ccccc1,0.5
CCCCCCCCC,1.0
OC(C1=CC2C5C(C1C2=C(c3ccccc3)c4ccccn4)C(=O)NC5=O)(c6ccccc6)c7ccccn7 ,0.25925925925925924
CN(C)C(=O)NC1CC2CC1C3CCCC23,0.4444444444444444
CC(=O)OC3(CCC4C2CCC1=CC(=O)CCC1C2CCC34C)C#C,0.48333333333333334
CC34CCC1C(CCC2=CC(=O)CCC12O)C3CCC4(O)C#C,0.8
CNc2cnn(c1cccc(c1)C(F)(F)F)c(=O)c2Cl,0.40816326530612246
ClC(Cl)C(c1ccc(Cl)cc1)c2ccccc2Cl ,0.6153846153846154
Nc1ccccc1O,0.5333333333333333
Nc1ccccc1Cl,0.6
Clc1ccccc1Br,0.5625
Clc1ccccc1I,0.5625
Clc1ccccc1N(=O)=O,0.68
CCCCCCCC,1.0
CCOC(=O)N,0.5555555555555556
Fc1ccccc1Br,0.5625
NC(=O)c1ccccc1O,1.0
COc1ccccc1O,1.0
Nc1ccccc1N(=O)=O,0.6666666666666666
COc1ccccc1N(=O)=O,0.5833333333333334
Oc1ccccc1N(=O)=O,0.7
Cc1ccccc1N(=O)=O,0.6666666666666666
CCCN(CCC)c1c(cc(cc1N(=O)=O)S(N)(=O)=O)N(=O)=O,0.6
c1cc2ccc(OC)c(CC=C(C)(C))c2oc1=O ,0.3673469387755102
Cc1ccccc1N,0.5625
CC(C)Oc1cc(c(Cl)cc1Cl)n2nc(oc2=O)C(C)(C)C,0.4827586206896552
CNC(=O)ON=C(SC)C(=O)N(C)C,0.47368421052631576
OC3N=C(c1ccccc1)c2cc(Cl)ccc2NC3=O ,0.7674418604651163
CC1=C(C(=O)Nc2ccccc2)S(=O)(=O)CCO1,0.5348837209302325
Cc1ccccc1C,0.6
CCCCC1C(=O)N(N(C1=O)c2ccc(O)cc2)c3ccccc3 ,0.8666666666666667
Nc1ccc(cc1)c2ccc(N)cc2,1.0
ClC(Cl)C(c1ccc(Cl)cc1)c2ccc(Cl)cc2 ,1.0
ClC(Cl)=C(c1ccc(Cl)cc1)c2ccc(Cl)cc2,1.0
Nc1ccc(O)cc1,0.6153846153846154
O=C1NC(=O)C(=O)N1 ,0.6923076923076923
CCOP(=S)(OCC)Oc1ccc(cc1)N(=O)=O,0.6285714285714286
Nc1ccc(cc1)c2ccc(N)cc2,1.0
CC(=O)Nc1ccc(Br)cc1,0.6666666666666666
Brc1ccc(I)cc1,0.6153846153846154
CC(=O)Nc1ccc(Cl)cc1,0.6666666666666666
Nc1ccc(Cl)cc1,0.6666666666666666
Clc1ccc(Br)cc1,0.6666666666666666
Clc1ccc(I)cc1,0.6153846153846154
Clc1ccc(cc1)N(=O)=O,0.7222222222222222
Cc1ccc(O)cc1,0.6153846153846154
CCCCN(CC)C(=O)SCCC,0.3448275862068966
Clc1ccc(CN(C2CCCC2)C(=O)Nc3ccccc3)cc1,0.42857142857142855
Clc1cc(Cl)c(Cl)c(Cl)c1Cl,0.6666666666666666
ClC(Cl)C(Cl)(Cl)Cl,0.3333333333333333
Oc1c(Cl)c(Cl)c(Cl)c(Cl)c1Cl,0.5
Cc1cc(C)c(C)c(C)c1C,0.5833333333333334
CCCCC,0.75
O=C1NC(=O)NC(=O)C1(CC)C(C)CCC,0.7241379310344828
CCCCCOC(=O)C,0.6666666666666666
CCCCC(=O)OCC,0.85
CCCCCc1ccccc1,0.95
CCCCCC1CCCC1,0.65
Cc1cc(ccc1NS(=O)(=O)C(F)(F)F)S(=O)(=O)c2ccccc2,0.4772727272727273
CC1(C)C(C=C(Cl)Cl)C1C(=O)OCc2cccc(Oc3ccccc3)c2,0.8666666666666667
c1cc2cccc3c4cccc5cccc(c(c1)c23)c54,0.75
CC(=O)Nc1ccc(F)cc1,0.625
CCOc1ccc(NC(=O)C)cc1,0.7241379310344828
c1ccc2c(c1)ccc3ccccc32,0.8571428571428571
c1ccc2c(c1)cnc3ccccc23 ,0.4583333333333333
CCOc1ccccc1,0.5217391304347826
COC(=O)Nc1cccc(OC(=O)Nc2cccc(C)c2)c1,0.625
CCC1(C(=O)NC(=O)NC1=O)c2ccccc2 ,1.0
c1ccccc1O,0.625
Oc1ccc(cc1)C2(OC(=O)c3ccccc23)c4ccc(O)cc4 ,0.34375
CC(C)=CC3C(C(=O)OCc2cccc(Oc1ccccc1)c2)C3(C)C ,0.8666666666666667
CCCCC1C(=O)N(N(C1=O)c2ccccc2)c3ccccc3 ,0.8666666666666667
NNc1ccccc1,0.5
OCc1ccccc1,0.5294117647058824
NC(=S)Nc1ccccc1,0.4782608695652174
O=C1NC(=O)C(N1)(c2ccccc2)c3ccccc3,0.5161290322580645
CCOP(=S)(OCC)SCSCC,0.7727272727272727
CCOP(=S)(OCC)SCn1c(=O)oc2cc(Cl)ccc12,0.4583333333333333
CCOP(=S)(OCC)ON=C(C#N)c1ccccc1,0.3333333333333333
c1cC2C(=O)NC(=O)C2cc1,0.2608695652173913
O=C1NC(=O)c2ccccc12 ,0.5
N#Cc1ccccc1C#N,0.5
CC(=O)Nc1ccc(O)cc1,0.6363636363636364
Oc1ccc(C=O)cc1,0.5
c1ccc2c(c1)ccc3c2ccc4c5ccccc5ccc43,1.0
O=C(C=CC=Cc2ccc1OCOc1c2)N3CCCCC3,0.4523809523809524
O=Cc2ccc1OCOc1c2 ,0.4523809523809524
CCCOP(=S)(OCCC)SCC(=O)N1CCCCC1C,0.34
CN(C)C(=O)Oc1nc(nc(C)c1C)N(C)C,0.3333333333333333
CN2C(=C(O)c1ccccc1S2(=O)=O)C(=O)Nc3ccccn3 ,0.32142857142857145
COc1ccc(C=O)cc1,0.56
Cc1ccc(N)cc1,0.6153846153846154
Nc1ccc(cc1)N(=O)=O,0.7222222222222222
COc1ccc(cc1)N(=O)=O,0.6190476190476191
Oc1ccc(cc1)N(=O)=O,0.7222222222222222
Cc1ccc(cc1)N(=O)=O,0.7222222222222222
Oc1ccc(cc1)c2ccccc2,0.6666666666666666
CC34CCC1C(CC=C2CC(O)CCC12C)C3CCC4=O,0.5957446808510638
CC12CC(O)C3C(CCC4=CC(=O)C=CC34C)C2CCC1(O)C(=O)CO,0.7678571428571429
CC(=O)OCC(=O)C3(O)CCC4C2CCC1=CC(=O)C=CC1(C)C2C(O)CC34C ,0.7678571428571429
CC(=O)C3CCC4C2CC=C1CC(O)CCC1(C)C2CCC34C ,0.5957446808510638
CCC1(C(=O)NCNC1=O)c2ccccc2,0.6774193548387096
CCC1(C(C)C)C(=O)NC(=O)NC1=O ,1.0
CC12CC2(C)C(=O)N(C1=O)c3cc(Cl)cc(Cl)c3,0.4594594594594595
CC(=O)C1CCC2C3CCC4=CC(=O)CCC4(C)C3CCC12C,0.7659574468085106
COc1nc(NC(C)C)nc(NC(C)C)n1,0.75
CSc1nc(NC(C)C)nc(NC(C)C)n1,0.75
CC(C)N(C(=O)CCl)c1ccccc1 ,0.4222222222222222
CCC,0.5
CCC(=O)Nc1ccc(Cl)c(Cl)c1,0.6363636363636364
CC(C)Nc1nc(Cl)nc(NC(C)C)n1,0.7307692307692307
CCNP(=S)(OC)OC(=CC(=O)OC(C)C)C,0.36363636363636365
CCCC1COC(Cn2cncn2)(O1)c3ccc(Cl)cc3Cl,0.28125
CCC=O,0.5
CCC#N,0.4166666666666667
CNC(=O)Oc1ccccc1OC(C)C,0.6470588235294118
CCCOC(=O)C,0.6666666666666666
CCCC(=O)OC,0.7368421052631579
CCCOC=O,0.7222222222222222
CCCCC(=O)OC,0.8421052631578947
CCCc1ccccc1,0.7
CCCC1CCCC1,0.65
CC=C,0.4
CCCOC(C)C,0.4117647058823529
CC#C,0.36363636363636365
CC(C)(C)c1ccc(O)cc1,0.5333333333333333
c2cnc1ncncc1n2,0.5
c1ccc(cc1)c2ccc(cc2)c3ccccc3,0.9
Cc1ccc(cc1)S(=O)(=O)N,0.5909090909090909
Cc1ccc(C)cc1,0.6153846153846154
CC1=C(CCCO1)C(=O)Nc2ccccc2 ,0.5476190476190477
NC(=O)c1cnccn1,0.43333333333333335
Nc2cnn(c1ccccc1)c(=O)c2Cl,0.6764705882352942
c1cc2ccc3cccc4ccc(c1)c2c34,0.625
c1ccnnc1,0.4166666666666667
c1ccncc1,0.5
c1cncnc1,0.5
CN(C)C(=O)Oc1cc(C)nn1c2ccccc2,0.34615384615384615
CCC2NC(=O)c1cc(c(Cl)cc1N2)S(N)(=O)=O,0.46296296296296297
c1ccc2ncccc2c1,0.6
ClC(Cl)CC(=O)NC2=C(Cl)C(=O)c1ccccc1C2=O,0.3333333333333333
Clc1c(Cl)c(Cl)c(N(=O)=O)c(Cl)c1Cl,0.375
OCC1OC(CO)(OC2OC(COC3OC(CO)C(O)C(O)C3O)C(O)C(O)C2O)C(O)C1O,0.8421052631578947
CCC1(C(=O)NC(=O)NC1=O)C2=CCC3CCC2C3,0.45454545454545453
CCN2c1ncccc1N(C)C(=O)c3cccnc23 ,0.8157894736842105
C1SC(=S)NC1(=O),0.3181818181818182
Cc3cc2nc1c(=O)[nH]c(=O)nc1n(CC(O)C(O)C(O)CO)c2cc3C,0.23880597014925373
CCCOC(=O)c1ccc(N)cc1,0.7931034482758621
COP(=S)(OC)Oc1cc(Cl)c(Cl)cc1Cl,0.7333333333333333
COc5cc4OCC3Oc2c1CC(Oc1ccc2C(=O)C3c4cc5OC)C(C)=C ,0.2608695652173913
CC(C)NC(=O)N1CC(=O)N(C1=O)c2cc(Cl)cc(Cl)c2,0.36585365853658536
O2c1ccccc1N(C)C(=O)c3cccnc23 ,0.5111111111111111
O2c1ccc(N)cc1N(C)C(=O)c3cc(C)ccc23 ,0.5208333333333334
CCN2c1nc(Cl)ccc1N(C)C(=O)c3cccnc23 ,0.7441860465116279
CCN2c1nc(C)cc(C(F)(F)F)c1NC(=O)c3cccnc23 ,0.7708333333333334
CCN2c1nc(C)cc(C)c1NC(=O)c3cccnc23 ,0.7708333333333334
CCN2c1ncccc1N(C)C(=S)c3cccnc23 ,0.8157894736842105
CCN2c1ccccc1N(C)C(=S)c3cccnc23 ,0.8157894736842105
CCN2c1ccccc1N(C)C(=O)c3ccccc23 ,0.6578947368421053
CCN2c1ncccc1N(CC)C(=O)c3cccnc23 ,0.8055555555555556
C2c1ccccc1N(CCF)C(=O)c3ccccc23 ,1.0
CCN2c1cc(N(C)C)cc(C)c1NC(=O)c3cccnc23 ,0.7037037037037037
CCN2c1cc(OC)cc(C)c1NC(=O)c3cccnc23 ,0.7037037037037037
CCN2c1cc(Cl)ccc1NC(=O)c3cccnc23 ,0.5517241379310345
O2c1cc(C)ccc1N(C)C(=O)c3cc(N)cnc23 ,0.5208333333333334
CCN2c1ccccc1N(C)C(=O)c3cccnc23 ,0.8157894736842105
CCN2c1nc(N(C)(CCO))ccc1NC(=O)c3cccnc23 ,0.5517241379310345
C2c1ccccc1N(CCF)C(=O)c3ccccc23 ,1.0
O2c1ccccc1N(CC)C(=O)c3ccccc23 ,0.5263157894736842
OCC2OC(Oc1ccccc1CO)C(O)C(O)C2O,0.5
NC(=O)c1ccccc1O,1.0
c1ccccc1NC(=O)c2c(O)cccc2,0.6428571428571429
CC3C2CCC1(C)C=CC(=O)C(=C1C2OC3=O)C,0.25
O=C1NC(=O)NC(=O)C1(C(C)CCC)CC=C,0.78125
CC1CCCCC1NC(=O)Nc2ccccc2,0.46875
CCNc1nc(Cl)nc(NCC)n1 ,0.7307692307692307
CSc1nc(nc(n1)N(C)C)N(C)C,0.6470588235294118
OCC(O)C(O)C(O)C(O)CO,1.0
CSCS(=O)CC(CO)NC(=O)C=Cc1c(C)[nH]c(=O)[nH]c1=O,0.2
CC(=O)SC4CC1=CC(=O)CCC1(C)C5CCC2(C)C(CCC23CCC(=O)O3)C45,0.42857142857142855
CCCCOc1ccc(C(=O)OCC)c(c1)N(CC)CC ,0.4523809523809524
CC34CCC1C(CCC2CC(=O)CCC12C)C3CCC4O ,0.5434782608695652
COP(=O)(OC)OC(=CCl)c1cc(Cl)c(Cl)cc1Cl,0.3170731707317073
C=Cc1ccccc1,0.47368421052631576
C1OC1c2ccccc2 ,0.3333333333333333
O=C1CCC(=O)N1,0.3684210526315789
OCC2OC(OC1(CO)OC(CO)C(O)C1O)C(O)C(O)C2O ,0.8421052631578947
NC(=N)NS(=O)(=O)c1ccc(N)cc1 ,0.4642857142857143
CCN(CC)C(=S)SCC(Cl)=C,0.5
Nc1ccc(cc1)S(N)(=O)=O,0.65
CCC(C)C1(CC=C)C(=O)NC(=O)NC1=O,0.7419354838709677
CC(C)(C)c1ccccc1,0.5882352941176471
C/C=C/C=O,1.0
Fc1cccc(F)c1C(=O)NC(=O)Nc2cc(Cl)c(F)c(Cl)c2F ,0.5813953488372093
Cc1[nH]c(=O)n(c(=O)c1Cl)C(C)(C)C,0.3170731707317073
CCOP(=S)(OCC)SCSC(C)(C)C,0.7083333333333334
CCNc1nc(NC(C)(C)C)nc(OC)n1,0.6176470588235294
CCNc1nc(NC(C)(C)C)nc(SC)n1,0.6176470588235294
CC12CCC3C(CCC4=CC(=O)CCC34C)C2CCC1O,0.7111111111111111
CC(=O)OC3CCC4C2CCC1=CC(=O)CCC1(C)C2CCC34C ,0.78
CCC(=O)OC3CCC4C2CCC1=CC(=O)CCC1(C)C2CCC34C ,0.78
BrC(Br)(Br)Br,0.2222222222222222
ClC(=C(Cl)Cl)Cl,0.5
COc1c(O)c(Cl)c(Cl)c(Cl)c1Cl ,0.47368421052631576
ClC(Cl)(Cl)Cl,0.5
CCCCCCCCCCCCCC,1.0
Cc1c(F)c(F)c(COC(=O)C2C(C=C(Cl)C(F)(F)F)C2(C)C)c(F)c1F,0.423728813559322
C1CCOC1,0.8888888888888888
C1CCOCC1,0.8888888888888888
CN(C)C(=O)N(C)C ,0.5384615384615384
O=C1N(C2CCC(=O)NC2=O)C(=O)c3ccccc13,0.3333333333333333
Cn1cnc2n(C)c(=O)[nH]c(=O)c12 ,0.5151515151515151
Cn1c(=O)n(C)c2nc[nH]c2c1=O,0.4827586206896552
CS(=O)(=O)c1ccc(cc1)C(O)C(CO)NC(=O)C(Cl)Cl ,0.6363636363636364
CCCC(C)C1(CC=C)C(=O)NC(=S)NC1=O ,0.78125
c1ccccc1SC,0.3888888888888889
CNC(=O)ON=C(CSC)C(C)(C)C ,0.47368421052631576
CCSCCSP(=S)(OC)OC,0.6666666666666666
CCCC(C)C1(CC)C(=O)NC(=S)NC1=O ,0.7241379310344828
c1ccsc1,0.2222222222222222
Sc1ccccc1,0.4375
Sc1nccc(=O)[nH]1 ,0.32142857142857145
NC(=S)N,0.3333333333333333
CN(C)C(=S)SSC(=S)N(C)C ,0.42105263157894735
Cc1c[nH]c(=O)[nH]c1=O ,0.52
CC(C)c1ccc(C)cc1O,0.46153846153846156
Cc1ccccc1,0.6666666666666666
CC(C)(C)Cc1ccccc1,0.47619047619047616
C/C1CCC(\C)CC1,0.6363636363636364
CCCC/C=C/C,0.47368421052631576
CC/C=C/C,1.0
CC(C)(C)C(=O)C(Oc1ccc(Cl)cc1)n2cncn2,0.3333333333333333
CC(C)N(C(C)C)C(=O)SCC(Cl)=C(Cl)Cl,0.6333333333333333
CC34CC(O)C1(F)C(CCC2=CC(=O)C=CC12C)C3CC(O)C4(O)C(=O)CO,0.8596491228070176
CC5(C)OC4CC3C2CCC1=CC(=O)C=CC1(C)C2(F)C(O)CC3(C)C4(O5)C(=O)CO ,0.6923076923076923
CC(=O)OCC(=O)C3(O)C(CC4C2CCC1=CC(=O)C=CC1(C)C2(F)C(O)CC34C)OC(C)=O ,0.8181818181818182
Nc3nc(N)c2nc(c1ccccc1)c(N)nc2n3,0.3235294117647059
Cc3nnc4CN=C(c1ccccc1Cl)c2cc(Cl)ccc2n34,0.43636363636363634
BrC(Br)Br,0.42857142857142855
NS(=O)(=O)c2cc1c(NC(NS1(=O)=O)C(Cl)Cl)cc2Cl ,1.0
COP(=O)(OC)C(O)C(Cl)(Cl)Cl,0.3548387096774194
NS(=O)(=O)c2cc1c(NC(NS1(=O)=O)C(Cl)Cl)cc2Cl ,1.0
ClC(Cl)(Cl)C#N,0.3
ClC=C(Cl)Cl,0.3
ClC(Cl)Cl,0.5
CCOP(=S)(CC)Oc1cc(Cl)c(Cl)cc1Cl,0.5142857142857142
Oc1cc(Cl)ccc1Oc2ccc(Cl)cc2Cl,0.5185185185185185
Cc1ccc(OP(=O)(Oc2cccc(C)c2)Oc3ccccc3C)cc1,0.34
Cc2cccc3sc1nncn1c23 ,0.30303030303030304
CCNc1nc(Cl)nc(n1)N(CC)CC,0.6470588235294118
CCOP(=O)(OCC)OCC,0.34782608695652173
CCCN(CCC)c1c(cc(cc1N(=O)=O)C(F)(F)F)N(=O)=O,0.7435897435897436
ClC(Cl)(Cl)C(NC=O)N1C=CN(C=C1)C(NC=O)C(Cl)(Cl)Cl ,0.21212121212121213
COc2cc1c(N)nc(nc1c(OC)c2OC)N3CCN(CC3)C(=O)OCC(C)(C)O ,0.24193548387096775
c1ccc2c(c1)c3ccccc3c4ccccc24,0.5714285714285714
Nc1ncnc2n(ccc12)C3OC(CO)C(O)C3O ,0.52
O=c1cc[nH]c(=O)[nH]1 ,0.3333333333333333
NC(=O)N,0.5555555555555556
O=c2[nH]c(=O)c1[nH]c(=O)[nH]c1[nH]2 ,0.2962962962962963
CCCCC=O,0.8125
CNC(=O)C(C)SCCSP(=O)(OC)(OC),0.275
CC1(OC(=O)N(C1=O)c2cc(Cl)cc(Cl)c2)C=C,0.4594594594594595
CC(=O)CC(c1ccccc1)c3c(O)c2ccccc2oc3=O ,0.8372093023255814
Cc1cccc(C)c1NC(=O)c2cc(c(Cl)cc2O)S(N)(=O)=O,0.3559322033898305
CNC(=O)Oc1cc(C)cc(C)c1,0.6
